               epoch,      train/box_loss,      train/obj_loss,      train/cls_loss,   metrics/precision,      metrics/recall,     metrics/mAP_0.5,metrics/mAP_0.5:0.95,        val/box_loss,        val/obj_loss,        val/cls_loss,               x/lr0,               x/lr1,               x/lr2
                   0,            0.093713,            0.034136,                   0,             0.36971,             0.47368,             0.25742,            0.081587,             0.06994,            0.024203,                   0,            0.070273,            0.003303,            0.003303
                   1,            0.066878,            0.020915,                   0,             0.47725,             0.42105,              0.4774,             0.16469,            0.064389,            0.018884,                   0,            0.040243,           0.0066065,           0.0066065
                   2,            0.062464,            0.016685,                   0,             0.42601,             0.54697,             0.52294,             0.18148,            0.064139,            0.017434,                   0,            0.010183,             0.00988,             0.00988
                   3,            0.057196,            0.015795,                   0,             0.84042,             0.65789,             0.78594,             0.30184,            0.050522,            0.017026,                   0,            0.009865,            0.009865,            0.009865
                   4,            0.052915,            0.014681,                   0,             0.55721,             0.72868,              0.6642,             0.26122,            0.050212,            0.019143,                   0,            0.009865,            0.009865,            0.009865
                   5,             0.04968,            0.014862,                   0,             0.70488,             0.60526,             0.63314,             0.24553,             0.05086,            0.023701,                   0,             0.00982,             0.00982,             0.00982
                   6,            0.047807,            0.014344,                   0,             0.70545,             0.84211,              0.8074,             0.31654,            0.045229,            0.017079,                   0,            0.009775,            0.009775,            0.009775
                   7,            0.046772,            0.014361,                   0,             0.71177,             0.76316,             0.76134,             0.32453,            0.050207,            0.016251,                   0,             0.00973,             0.00973,             0.00973
                   8,            0.045273,            0.013678,                   0,             0.72103,             0.73684,              0.7338,             0.34551,            0.045044,            0.016983,                   0,            0.009685,            0.009685,            0.009685
                   9,            0.043283,            0.013505,                   0,             0.85998,             0.86842,             0.91197,             0.37041,            0.042018,            0.016211,                   0,             0.00964,             0.00964,             0.00964
                  10,            0.043061,            0.013889,                   0,             0.83881,             0.86842,             0.91283,             0.34784,            0.043594,            0.015624,                   0,            0.009595,            0.009595,            0.009595
                  11,            0.043162,            0.013575,                   0,             0.81725,             0.81579,              0.8874,             0.38568,            0.042417,            0.017095,                   0,             0.00955,             0.00955,             0.00955
                  12,            0.042791,            0.013266,                   0,             0.81199,             0.73684,              0.7672,             0.30321,            0.044903,            0.017253,                   0,            0.009505,            0.009505,            0.009505
                  13,            0.041755,            0.013167,                   0,             0.82677,             0.87935,             0.88683,             0.36605,             0.04362,            0.016561,                   0,             0.00946,             0.00946,             0.00946
                  14,            0.040638,            0.013195,                   0,             0.83021,             0.77221,             0.84446,             0.31266,            0.044322,            0.018195,                   0,            0.009415,            0.009415,            0.009415
                  15,             0.04105,            0.013241,                   0,             0.73776,             0.66648,             0.70522,             0.29249,            0.046382,            0.021971,                   0,             0.00937,             0.00937,             0.00937
                  16,            0.040996,            0.012723,                   0,             0.82923,             0.89452,             0.85227,              0.3614,             0.04348,            0.016892,                   0,            0.009325,            0.009325,            0.009325
                  17,            0.040299,            0.013293,                   0,             0.76338,             0.78947,             0.81483,             0.33603,             0.04567,            0.016401,                   0,             0.00928,             0.00928,             0.00928
                  18,            0.040281,            0.012879,                   0,             0.89732,             0.84211,             0.90694,             0.38806,             0.04171,             0.01568,                   0,            0.009235,            0.009235,            0.009235
                  19,             0.03925,            0.013012,                   0,             0.80757,             0.88369,             0.89637,             0.33523,            0.045461,            0.016639,                   0,             0.00919,             0.00919,             0.00919
                  20,            0.039432,            0.013068,                   0,             0.83112,             0.81579,             0.86647,             0.38169,             0.04302,            0.015816,                   0,            0.009145,            0.009145,            0.009145
                  21,            0.038956,            0.012523,                   0,             0.82836,             0.78947,             0.77186,             0.33388,            0.043718,            0.016665,                   0,              0.0091,              0.0091,              0.0091
                  22,            0.038759,            0.012483,                   0,              0.8565,             0.84211,             0.89431,             0.38174,            0.040618,            0.015781,                   0,            0.009055,            0.009055,            0.009055
                  23,            0.038843,            0.012547,                   0,             0.86201,             0.86842,             0.88601,             0.37649,             0.04105,            0.016422,                   0,             0.00901,             0.00901,             0.00901
                  24,            0.038213,            0.012352,                   0,             0.88624,             0.94737,             0.94305,             0.39702,            0.041014,            0.016147,                   0,            0.008965,            0.008965,            0.008965
                  25,            0.038233,            0.012366,                   0,             0.79792,             0.84211,             0.84578,             0.33549,            0.044964,            0.015939,                   0,             0.00892,             0.00892,             0.00892
                  26,            0.037493,            0.012164,                   0,              0.8583,             0.79712,             0.88806,             0.40034,            0.040955,            0.017864,                   0,            0.008875,            0.008875,            0.008875
                  27,            0.037731,            0.012418,                   0,             0.88015,             0.68421,             0.80885,             0.37765,            0.043201,             0.01576,                   0,             0.00883,             0.00883,             0.00883
                  28,            0.037574,            0.012437,                   0,             0.70864,             0.83221,              0.8372,             0.37438,            0.044048,            0.015776,                   0,            0.008785,            0.008785,            0.008785
                  29,            0.037265,            0.012244,                   0,             0.88056,             0.84211,             0.89732,             0.39791,            0.042357,            0.016687,                   0,             0.00874,             0.00874,             0.00874
                  30,             0.03705,            0.012305,                   0,             0.79255,             0.80446,             0.88369,             0.37026,            0.042715,            0.016994,                   0,            0.008695,            0.008695,            0.008695
                  31,            0.036852,            0.012086,                   0,             0.81079,             0.78936,             0.86276,             0.38865,            0.043738,            0.016134,                   0,             0.00865,             0.00865,             0.00865
                  32,            0.036549,            0.012154,                   0,             0.81643,             0.81938,             0.88974,             0.41242,            0.040536,            0.016839,                   0,            0.008605,            0.008605,            0.008605
                  33,            0.035815,            0.012156,                   0,             0.83839,             0.81922,             0.85024,             0.39575,            0.043155,            0.017418,                   0,             0.00856,             0.00856,             0.00856
                  34,            0.036083,             0.01192,                   0,             0.81449,             0.80894,             0.85419,             0.39454,            0.041097,            0.016569,                   0,            0.008515,            0.008515,            0.008515
                  35,            0.035976,            0.011919,                   0,             0.83464,             0.79711,             0.90004,             0.39319,            0.043507,            0.015797,                   0,             0.00847,             0.00847,             0.00847
                  36,            0.035526,            0.012167,                   0,             0.80449,             0.86631,             0.85256,              0.3873,            0.042522,            0.016331,                   0,            0.008425,            0.008425,            0.008425
                  37,            0.035671,             0.01176,                   0,             0.79895,             0.83673,             0.82418,             0.37924,            0.042322,            0.017183,                   0,             0.00838,             0.00838,             0.00838
                  38,            0.035827,            0.011928,                   0,             0.86856,             0.89474,             0.92906,             0.39735,             0.04131,            0.016623,                   0,            0.008335,            0.008335,            0.008335
                  39,             0.03511,            0.012079,                   0,             0.80939,             0.78947,             0.83055,             0.39728,            0.041484,             0.01685,                   0,             0.00829,             0.00829,             0.00829
                  40,            0.035752,            0.012021,                   0,             0.70765,             0.84211,             0.83466,             0.37466,            0.042298,            0.017346,                   0,            0.008245,            0.008245,            0.008245
                  41,            0.035286,            0.011562,                   0,              0.8645,             0.67179,             0.77903,             0.33642,             0.04371,            0.018612,                   0,              0.0082,              0.0082,              0.0082
                  42,            0.035401,             0.01196,                   0,             0.82172,             0.81579,             0.85939,             0.38527,             0.04318,            0.016323,                   0,            0.008155,            0.008155,            0.008155
                  43,            0.034975,            0.011577,                   0,             0.77038,             0.81579,              0.8309,             0.37902,            0.042399,            0.017138,                   0,             0.00811,             0.00811,             0.00811
                  44,            0.034987,            0.012043,                   0,             0.79841,             0.86842,             0.88327,              0.4215,            0.039526,            0.017042,                   0,            0.008065,            0.008065,            0.008065
                  45,            0.034169,            0.011663,                   0,             0.84639,             0.73684,             0.84703,             0.38592,            0.041852,            0.016713,                   0,             0.00802,             0.00802,             0.00802
                  46,            0.034314,            0.011304,                   0,              0.8455,             0.86415,             0.90769,              0.3847,            0.042476,            0.017207,                   0,            0.007975,            0.007975,            0.007975
                  47,            0.034485,            0.011691,                   0,              0.8111,             0.81579,             0.89502,             0.40259,            0.041494,            0.016003,                   0,             0.00793,             0.00793,             0.00793
                  48,            0.033439,            0.011303,                   0,             0.85899,             0.86842,             0.88272,             0.38838,             0.04092,            0.016329,                   0,            0.007885,            0.007885,            0.007885
                  49,            0.033724,            0.011625,                   0,             0.88063,             0.84211,              0.9175,             0.37865,            0.041727,            0.017202,                   0,             0.00784,             0.00784,             0.00784
                  50,            0.033803,            0.011074,                   0,             0.80453,             0.86654,             0.87021,             0.38153,            0.044974,            0.016521,                   0,            0.007795,            0.007795,            0.007795
                  51,            0.033265,             0.01143,                   0,             0.80854,             0.77808,             0.84128,             0.37015,            0.043642,            0.017373,                   0,             0.00775,             0.00775,             0.00775
                  52,             0.03347,            0.010953,                   0,             0.79755,             0.82955,             0.86733,             0.39542,            0.041681,            0.017376,                   0,            0.007705,            0.007705,            0.007705
                  53,            0.032795,            0.011244,                   0,             0.81505,             0.92787,             0.93338,             0.38354,            0.042617,             0.01678,                   0,             0.00766,             0.00766,             0.00766
                  54,            0.033275,            0.011299,                   0,             0.85322,             0.84211,             0.87647,             0.40907,            0.041561,            0.017183,                   0,            0.007615,            0.007615,            0.007615
                  55,               0.033,            0.011446,                   0,             0.70107,             0.76316,             0.79004,             0.38021,            0.043086,            0.017015,                   0,             0.00757,             0.00757,             0.00757
                  56,            0.032731,            0.011172,                   0,             0.87065,             0.88578,             0.91283,              0.3947,            0.041094,            0.015354,                   0,            0.007525,            0.007525,            0.007525
                  57,            0.032502,            0.011194,                   0,             0.81537,             0.86842,             0.90054,             0.34009,            0.044378,            0.018043,                   0,             0.00748,             0.00748,             0.00748
                  58,            0.032182,            0.011217,                   0,             0.76516,             0.78947,             0.84378,             0.40153,            0.042258,            0.017672,                   0,            0.007435,            0.007435,            0.007435
                  59,            0.032008,            0.011258,                   0,             0.82349,             0.85954,              0.9142,             0.42439,            0.040781,            0.017002,                   0,             0.00739,             0.00739,             0.00739
                  60,            0.032117,            0.011023,                   0,             0.78891,             0.88529,             0.89842,             0.38539,            0.042562,            0.018262,                   0,            0.007345,            0.007345,            0.007345
                  61,             0.03192,            0.011023,                   0,             0.86825,             0.86718,              0.9119,             0.40527,            0.040916,            0.017789,                   0,              0.0073,              0.0073,              0.0073
                  62,             0.03184,            0.010991,                   0,             0.79253,             0.81579,             0.86541,             0.38284,             0.04457,            0.017365,                   0,            0.007255,            0.007255,            0.007255
                  63,            0.031385,            0.010911,                   0,             0.81826,             0.73684,             0.78395,             0.33719,            0.046279,            0.017071,                   0,             0.00721,             0.00721,             0.00721
                  64,            0.031697,            0.010763,                   0,             0.85032,             0.81579,              0.8823,             0.40302,            0.041698,            0.016916,                   0,            0.007165,            0.007165,            0.007165
                  65,            0.031229,            0.010444,                   0,             0.94112,             0.84122,             0.91717,             0.42956,            0.040583,            0.017458,                   0,             0.00712,             0.00712,             0.00712
                  66,            0.031425,            0.010932,                   0,              0.7741,             0.76316,             0.83026,              0.3903,            0.041096,            0.018302,                   0,            0.007075,            0.007075,            0.007075
                  67,            0.030819,            0.010926,                   0,             0.86362,             0.83339,             0.88071,             0.40078,            0.043729,            0.017199,                   0,             0.00703,             0.00703,             0.00703
                  68,            0.030923,            0.010546,                   0,             0.81384,             0.81579,             0.85291,             0.40204,            0.042782,            0.017589,                   0,            0.006985,            0.006985,            0.006985
                  69,            0.030513,            0.010509,                   0,             0.79929,             0.83847,              0.8855,             0.42657,            0.040645,            0.017295,                   0,             0.00694,             0.00694,             0.00694
                  70,            0.030723,            0.010567,                   0,             0.85524,             0.81579,             0.88156,             0.39675,            0.041357,            0.018804,                   0,            0.006895,            0.006895,            0.006895
                  71,            0.030141,            0.010804,                   0,             0.81547,             0.81408,             0.83947,             0.38652,            0.040414,            0.018687,                   0,             0.00685,             0.00685,             0.00685
                  72,             0.03052,            0.010834,                   0,             0.84524,             0.86842,             0.88278,             0.37485,            0.042802,            0.018591,                   0,            0.006805,            0.006805,            0.006805
                  73,            0.030097,            0.010402,                   0,             0.72047,             0.81397,             0.79715,             0.40647,             0.04044,            0.018986,                   0,             0.00676,             0.00676,             0.00676
                  74,            0.029849,            0.010694,                   0,             0.83519,             0.81579,              0.8334,             0.37081,            0.042637,            0.017413,                   0,            0.006715,            0.006715,            0.006715
                  75,            0.029755,            0.010724,                   0,             0.90563,             0.75776,             0.87823,             0.41215,            0.040539,            0.018003,                   0,             0.00667,             0.00667,             0.00667
                  76,            0.029952,            0.010549,                   0,             0.81375,             0.78947,             0.86893,              0.4321,             0.04027,            0.017562,                   0,            0.006625,            0.006625,            0.006625
                  77,            0.029254,            0.010581,                   0,             0.76188,             0.84201,             0.83173,             0.39004,            0.043066,            0.017907,                   0,             0.00658,             0.00658,             0.00658
                  78,            0.029584,            0.010402,                   0,             0.89067,             0.78947,             0.89887,             0.39329,            0.042794,            0.018014,                   0,            0.006535,            0.006535,            0.006535
                  79,             0.02978,            0.010663,                   0,             0.80818,             0.77631,              0.8373,             0.36988,              0.0431,            0.019466,                   0,             0.00649,             0.00649,             0.00649
                  80,            0.029247,            0.010938,                   0,             0.80761,             0.86842,             0.89044,             0.41174,            0.041664,            0.018473,                   0,            0.006445,            0.006445,            0.006445
                  81,            0.028696,            0.010171,                   0,             0.84493,             0.86047,             0.88801,             0.41472,            0.041198,            0.017757,                   0,              0.0064,              0.0064,              0.0064
                  82,            0.028981,           0.0098376,                   0,             0.82051,             0.86842,             0.91004,              0.4103,            0.040816,            0.017376,                   0,            0.006355,            0.006355,            0.006355
                  83,            0.028585,            0.010368,                   0,             0.82294,             0.86842,             0.89527,             0.43302,            0.040661,            0.017327,                   0,             0.00631,             0.00631,             0.00631
                  84,            0.028711,            0.010286,                   0,             0.80943,             0.78947,             0.81313,             0.37323,             0.04208,            0.018713,                   0,            0.006265,            0.006265,            0.006265
                  85,            0.028689,            0.010324,                   0,              0.8057,             0.89474,             0.89936,             0.42736,             0.04107,            0.016815,                   0,             0.00622,             0.00622,             0.00622
                  86,            0.028268,            0.010237,                   0,              0.7655,             0.78947,             0.76292,             0.32934,            0.043548,            0.021512,                   0,            0.006175,            0.006175,            0.006175
                  87,            0.028211,            0.010137,                   0,             0.68789,             0.81209,             0.75483,              0.3502,            0.044554,            0.019381,                   0,             0.00613,             0.00613,             0.00613
                  88,            0.027937,            0.010157,                   0,              0.8854,             0.81333,             0.88822,             0.41791,            0.040596,            0.018486,                   0,            0.006085,            0.006085,            0.006085
                  89,            0.027891,            0.010104,                   0,             0.77197,             0.89097,             0.84935,             0.37913,            0.042494,            0.018788,                   0,             0.00604,             0.00604,             0.00604
                  90,            0.027886,           0.0099629,                   0,              0.8372,             0.84211,             0.87417,             0.38258,            0.042964,            0.017322,                   0,            0.005995,            0.005995,            0.005995
                  91,            0.027678,           0.0097962,                   0,             0.75526,             0.73102,             0.79879,             0.37992,            0.042766,            0.019931,                   0,             0.00595,             0.00595,             0.00595
                  92,            0.027883,            0.009984,                   0,              0.8435,             0.73684,             0.83186,             0.37495,            0.043315,            0.019728,                   0,            0.005905,            0.005905,            0.005905
                  93,            0.026909,           0.0098809,                   0,             0.85754,             0.81579,             0.88295,             0.40362,             0.04176,            0.018233,                   0,             0.00586,             0.00586,             0.00586
                  94,            0.026924,            0.009874,                   0,             0.77626,             0.76316,             0.81632,              0.4061,            0.040873,            0.019012,                   0,            0.005815,            0.005815,            0.005815
                  95,            0.026727,           0.0095992,                   0,             0.74776,             0.76316,             0.80198,             0.36868,            0.043164,            0.018433,                   0,             0.00577,             0.00577,             0.00577
                  96,            0.027291,           0.0096018,                   0,             0.86822,             0.76316,             0.85938,             0.39941,            0.042004,            0.020097,                   0,            0.005725,            0.005725,            0.005725
                  97,            0.026942,            0.009576,                   0,             0.82647,             0.78947,             0.84346,             0.42374,            0.041716,            0.019205,                   0,             0.00568,             0.00568,             0.00568
                  98,            0.026779,           0.0097656,                   0,             0.80877,             0.77924,             0.84575,             0.38495,             0.04135,            0.019792,                   0,            0.005635,            0.005635,            0.005635
                  99,            0.026513,           0.0096218,                   0,             0.89214,             0.78947,             0.91456,             0.40739,            0.040982,            0.019803,                   0,             0.00559,             0.00559,             0.00559
                 100,             0.02616,           0.0095324,                   0,             0.86025,              0.8101,             0.85646,             0.39161,              0.0431,            0.018713,                   0,            0.005545,            0.005545,            0.005545
                 101,            0.026685,           0.0094623,                   0,             0.88527,             0.78947,             0.88068,             0.40394,            0.041263,            0.019434,                   0,              0.0055,              0.0055,              0.0055
                 102,            0.026749,           0.0094589,                   0,             0.83817,             0.81579,             0.87013,             0.41049,            0.039469,            0.020321,                   0,            0.005455,            0.005455,            0.005455
                 103,             0.02584,           0.0093317,                   0,             0.84347,             0.78947,             0.83136,             0.36475,            0.043832,            0.021111,                   0,             0.00541,             0.00541,             0.00541
                 104,            0.026115,           0.0095264,                   0,             0.81804,             0.84211,             0.87651,              0.3901,             0.04134,            0.020454,                   0,            0.005365,            0.005365,            0.005365
                 105,            0.025483,           0.0094709,                   0,             0.77754,             0.78947,             0.79521,             0.37012,            0.041834,            0.020839,                   0,             0.00532,             0.00532,             0.00532
                 106,            0.025853,            0.009353,                   0,             0.79574,             0.84211,             0.87026,             0.40359,             0.04046,            0.019835,                   0,            0.005275,            0.005275,            0.005275
                 107,            0.025546,           0.0090908,                   0,             0.77539,             0.84211,             0.85685,             0.39391,            0.040728,            0.021426,                   0,             0.00523,             0.00523,             0.00523
                 108,            0.025432,           0.0092853,                   0,             0.87746,             0.78947,             0.87801,             0.40666,            0.041286,            0.019851,                   0,            0.005185,            0.005185,            0.005185
                 109,            0.025594,           0.0092425,                   0,             0.85069,             0.74984,             0.84009,             0.37329,            0.042242,            0.019835,                   0,             0.00514,             0.00514,             0.00514
                 110,            0.025403,           0.0092551,                   0,             0.82519,             0.78947,             0.85789,             0.40197,            0.040012,            0.018329,                   0,            0.005095,            0.005095,            0.005095
                 111,            0.025977,           0.0090665,                   0,             0.84135,             0.86842,             0.90596,             0.40496,             0.03957,            0.017878,                   0,             0.00505,             0.00505,             0.00505
                 112,            0.024965,           0.0091338,                   0,             0.83823,             0.78947,             0.86388,             0.41117,            0.039678,            0.019787,                   0,            0.005005,            0.005005,            0.005005
                 113,            0.024927,            0.009194,                   0,             0.80047,             0.81579,             0.87012,             0.41567,            0.039924,            0.018836,                   0,             0.00496,             0.00496,             0.00496
                 114,            0.024427,           0.0092271,                   0,             0.84577,             0.86591,             0.88024,             0.40277,            0.039286,            0.019279,                   0,            0.004915,            0.004915,            0.004915
                 115,            0.024627,           0.0093011,                   0,             0.84204,             0.86842,             0.86399,             0.40895,            0.038659,            0.017843,                   0,             0.00487,             0.00487,             0.00487
                 116,            0.024619,           0.0090235,                   0,             0.74977,             0.81579,             0.84183,             0.41794,            0.041551,            0.017651,                   0,            0.004825,            0.004825,            0.004825
                 117,            0.024308,            0.009077,                   0,             0.80915,              0.8926,              0.9037,             0.42745,            0.039786,            0.019525,                   0,             0.00478,             0.00478,             0.00478
                 118,            0.023974,           0.0089483,                   0,             0.81844,             0.83057,             0.88548,             0.43498,            0.039755,            0.020406,                   0,            0.004735,            0.004735,            0.004735
                 119,             0.02397,           0.0090216,                   0,             0.83291,             0.78715,             0.82527,             0.40689,             0.03967,            0.020956,                   0,             0.00469,             0.00469,             0.00469
                 120,            0.024172,           0.0086128,                   0,             0.86786,             0.81579,             0.87812,             0.41891,            0.039767,            0.020711,                   0,            0.004645,            0.004645,            0.004645
                 121,            0.023948,           0.0090345,                   0,             0.81529,             0.84211,             0.87336,             0.39578,            0.039812,            0.022302,                   0,              0.0046,              0.0046,              0.0046
                 122,            0.023857,           0.0088363,                   0,             0.84155,             0.83871,             0.85068,             0.41934,            0.039849,            0.021592,                   0,            0.004555,            0.004555,            0.004555
                 123,             0.02358,           0.0089767,                   0,             0.75295,             0.78947,             0.78065,             0.37771,            0.041787,            0.021843,                   0,             0.00451,             0.00451,             0.00451
                 124,            0.023445,            0.008897,                   0,             0.75508,             0.76316,             0.81813,             0.40703,            0.040836,            0.020326,                   0,            0.004465,            0.004465,            0.004465
                 125,            0.023356,           0.0088222,                   0,             0.81427,             0.80773,             0.85399,             0.40729,            0.040777,            0.020401,                   0,             0.00442,             0.00442,             0.00442
                 126,            0.023437,           0.0087468,                   0,             0.80357,             0.81579,             0.87369,              0.4176,            0.041195,            0.019498,                   0,            0.004375,            0.004375,            0.004375
                 127,            0.023378,           0.0087087,                   0,             0.84328,             0.84977,             0.90634,             0.42587,            0.038958,            0.019456,                   0,             0.00433,             0.00433,             0.00433
                 128,            0.023281,           0.0087707,                   0,             0.84392,             0.76316,             0.85305,             0.41432,             0.04021,            0.019926,                   0,            0.004285,            0.004285,            0.004285
                 129,             0.02283,           0.0087315,                   0,             0.85679,             0.81579,             0.84075,             0.41367,            0.041922,            0.020059,                   0,             0.00424,             0.00424,             0.00424
                 130,            0.022527,           0.0084131,                   0,             0.88272,             0.79233,             0.86708,               0.405,            0.040557,            0.020721,                   0,            0.004195,            0.004195,            0.004195
                 131,            0.022944,           0.0086589,                   0,             0.88891,             0.76316,              0.8924,             0.42842,            0.041837,            0.019461,                   0,             0.00415,             0.00415,             0.00415
                 132,            0.022542,           0.0086094,                   0,             0.80256,             0.76316,             0.84246,             0.40485,            0.041978,            0.021293,                   0,            0.004105,            0.004105,            0.004105
                 133,            0.022543,           0.0084772,                   0,             0.85694,             0.78821,             0.82107,             0.41108,            0.040507,            0.020828,                   0,             0.00406,             0.00406,             0.00406
                 134,            0.022155,            0.008523,                   0,             0.87121,             0.78947,             0.88767,             0.42708,             0.03991,             0.02038,                   0,            0.004015,            0.004015,            0.004015
                 135,            0.021912,           0.0083661,                   0,             0.80774,             0.81579,             0.83881,             0.39942,            0.042379,            0.021357,                   0,             0.00397,             0.00397,             0.00397
                 136,            0.022253,           0.0086137,                   0,             0.73907,             0.76316,             0.79445,             0.41179,            0.040977,            0.020577,                   0,            0.003925,            0.003925,            0.003925
                 137,            0.022091,           0.0085121,                   0,             0.77623,             0.76316,             0.77467,             0.38658,            0.041172,             0.02077,                   0,             0.00388,             0.00388,             0.00388
                 138,            0.022214,           0.0084319,                   0,             0.78679,             0.78947,             0.79807,             0.39794,            0.041448,            0.019616,                   0,            0.003835,            0.003835,            0.003835
                 139,            0.021664,           0.0082246,                   0,             0.82967,             0.76923,             0.82487,             0.40057,            0.042279,            0.020673,                   0,             0.00379,             0.00379,             0.00379
                 140,            0.021335,           0.0083327,                   0,             0.78766,             0.78106,             0.82612,             0.39357,            0.042035,            0.020102,                   0,            0.003745,            0.003745,            0.003745
                 141,            0.021536,           0.0082573,                   0,             0.75397,             0.73684,             0.78947,             0.39146,            0.042189,            0.021336,                   0,              0.0037,              0.0037,              0.0037
                 142,            0.021182,           0.0079202,                   0,             0.84533,             0.78947,             0.86557,             0.39733,            0.041388,            0.021234,                   0,            0.003655,            0.003655,            0.003655
                 143,            0.021126,            0.008294,                   0,             0.76716,             0.78947,             0.83056,             0.38595,            0.041522,            0.021672,                   0,             0.00361,             0.00361,             0.00361
                 144,            0.021468,           0.0083055,                   0,             0.76581,             0.81579,             0.80835,             0.37334,            0.042477,            0.022756,                   0,            0.003565,            0.003565,            0.003565
                 145,            0.021416,           0.0085281,                   0,             0.78316,             0.76316,             0.75537,             0.37273,            0.041741,            0.022521,                   0,             0.00352,             0.00352,             0.00352
                 146,            0.020804,           0.0080183,                   0,             0.78588,             0.78947,             0.82486,             0.38571,            0.043927,            0.022537,                   0,            0.003475,            0.003475,            0.003475
                 147,            0.020626,           0.0076734,                   0,             0.76372,             0.76559,             0.80154,             0.37586,            0.042169,             0.02243,                   0,             0.00343,             0.00343,             0.00343
                 148,            0.020398,           0.0078275,                   0,             0.83283,             0.78669,             0.84709,             0.38383,            0.041668,            0.022569,                   0,            0.003385,            0.003385,            0.003385
                 149,             0.02034,           0.0080038,                   0,             0.80672,             0.76899,             0.77524,             0.38252,            0.041713,            0.023119,                   0,             0.00334,             0.00334,             0.00334
                 150,            0.020396,            0.008311,                   0,             0.72631,             0.83811,             0.79197,              0.3933,            0.041297,            0.023114,                   0,            0.003295,            0.003295,            0.003295
                 151,            0.020525,           0.0078894,                   0,             0.77106,             0.81579,             0.83791,             0.40428,            0.040536,            0.022356,                   0,             0.00325,             0.00325,             0.00325
                 152,            0.020741,           0.0078513,                   0,             0.85901,             0.78947,             0.86621,             0.42611,            0.039114,            0.022051,                   0,            0.003205,            0.003205,            0.003205
                 153,            0.020111,           0.0079055,                   0,             0.85279,             0.73684,             0.82923,              0.4041,            0.039854,             0.02179,                   0,             0.00316,             0.00316,             0.00316
                 154,            0.020475,               0.008,                   0,             0.87306,             0.76316,             0.86304,             0.41286,            0.039122,            0.022329,                   0,            0.003115,            0.003115,            0.003115
                 155,            0.019813,           0.0077309,                   0,             0.82436,             0.86842,             0.88624,             0.40646,            0.040021,            0.022676,                   0,             0.00307,             0.00307,             0.00307
                 156,            0.019851,           0.0078819,                   0,             0.81654,             0.81579,             0.84304,             0.42699,            0.038322,            0.022484,                   0,            0.003025,            0.003025,            0.003025
                 157,            0.019473,           0.0076257,                   0,              0.7925,             0.81579,                0.86,             0.41775,            0.039257,            0.022511,                   0,             0.00298,             0.00298,             0.00298
                 158,            0.020049,           0.0076397,                   0,             0.86724,             0.76316,             0.86513,              0.4149,            0.040468,             0.02235,                   0,            0.002935,            0.002935,            0.002935
                 159,            0.019875,           0.0080208,                   0,             0.78396,             0.86842,             0.88569,             0.41594,            0.039921,            0.022713,                   0,             0.00289,             0.00289,             0.00289
                 160,            0.019526,           0.0074265,                   0,             0.86399,             0.83597,             0.85395,             0.43724,            0.039273,             0.02274,                   0,            0.002845,            0.002845,            0.002845
                 161,            0.019065,           0.0076516,                   0,             0.88867,             0.84211,             0.87522,             0.43924,            0.038925,            0.021992,                   0,              0.0028,              0.0028,              0.0028
                 162,            0.019544,           0.0075201,                   0,             0.83271,             0.81579,             0.86287,             0.42483,            0.039388,            0.022067,                   0,            0.002755,            0.002755,            0.002755
                 163,            0.019167,           0.0074395,                   0,             0.88629,              0.8206,             0.85778,             0.41277,            0.040261,            0.022783,                   0,             0.00271,             0.00271,             0.00271
                 164,            0.018874,           0.0074668,                   0,             0.88309,             0.79525,             0.85078,             0.42414,            0.040328,            0.022922,                   0,            0.002665,            0.002665,            0.002665
                 165,            0.018882,           0.0074925,                   0,             0.86083,             0.81393,              0.8323,              0.4017,            0.041287,             0.02298,                   0,             0.00262,             0.00262,             0.00262
                 166,            0.018715,           0.0075077,                   0,              0.8681,             0.81579,              0.8525,             0.41731,             0.03955,            0.022388,                   0,            0.002575,            0.002575,            0.002575
                 167,            0.018981,           0.0073396,                   0,              0.8277,             0.78947,             0.84429,             0.40289,            0.041166,            0.022489,                   0,             0.00253,             0.00253,             0.00253
                 168,            0.018756,           0.0075445,                   0,             0.88205,             0.78722,             0.84534,              0.4207,            0.040939,            0.022548,                   0,            0.002485,            0.002485,            0.002485
                 169,            0.018476,           0.0073503,                   0,             0.83708,             0.76316,             0.84124,             0.42047,             0.04029,            0.022612,                   0,             0.00244,             0.00244,             0.00244
                 170,            0.018706,           0.0075576,                   0,              0.8058,              0.7644,              0.8733,             0.44275,            0.040056,            0.023002,                   0,            0.002395,            0.002395,            0.002395
                 171,            0.018449,           0.0074435,                   0,             0.85523,             0.77751,             0.89002,             0.43964,            0.040748,            0.022858,                   0,             0.00235,             0.00235,             0.00235
                 172,            0.018331,           0.0072594,                   0,             0.82779,             0.78947,             0.89029,             0.43141,            0.040384,            0.023232,                   0,            0.002305,            0.002305,            0.002305
                 173,            0.018249,           0.0072581,                   0,             0.78708,             0.81579,              0.8696,             0.43009,            0.039594,            0.023942,                   0,             0.00226,             0.00226,             0.00226
                 174,            0.018155,           0.0072623,                   0,             0.81519,             0.81261,              0.8601,             0.42739,            0.041011,            0.023221,                   0,            0.002215,            0.002215,            0.002215
                 175,            0.017954,           0.0073799,                   0,             0.78591,             0.78947,             0.82804,             0.41779,            0.041408,            0.023157,                   0,             0.00217,             0.00217,             0.00217
                 176,            0.017984,            0.007205,                   0,             0.81816,             0.76316,             0.85523,             0.43256,            0.040434,            0.023931,                   0,            0.002125,            0.002125,            0.002125
                 177,            0.017935,           0.0072818,                   0,             0.85294,             0.78947,             0.84892,             0.42134,             0.04058,             0.02407,                   0,             0.00208,             0.00208,             0.00208
                 178,            0.017931,           0.0072798,                   0,             0.77383,             0.81043,             0.86869,             0.43837,            0.040453,              0.0243,                   0,            0.002035,            0.002035,            0.002035
                 179,            0.017553,           0.0071303,                   0,              0.8683,             0.76316,             0.86986,             0.43714,            0.039953,            0.024593,                   0,             0.00199,             0.00199,             0.00199
                 180,            0.017472,           0.0067737,                   0,             0.82263,             0.78947,             0.83703,             0.41374,            0.040789,             0.02509,                   0,            0.001945,            0.001945,            0.001945
                 181,            0.016986,           0.0070014,                   0,             0.77204,             0.81579,             0.83126,             0.41479,            0.041223,            0.025389,                   0,              0.0019,              0.0019,              0.0019
                 182,            0.017535,           0.0068588,                   0,             0.77336,             0.81579,             0.84077,             0.41574,            0.040445,            0.024609,                   0,            0.001855,            0.001855,            0.001855
                 183,             0.01743,           0.0068953,                   0,             0.79652,             0.81579,             0.82016,             0.40613,            0.041295,            0.024615,                   0,             0.00181,             0.00181,             0.00181
                 184,            0.017559,           0.0070921,                   0,             0.77277,             0.81579,             0.83746,             0.40561,            0.041036,            0.024786,                   0,            0.001765,            0.001765,            0.001765
                 185,            0.017113,           0.0068226,                   0,             0.78983,             0.81579,             0.84791,             0.41249,            0.040299,            0.024572,                   0,             0.00172,             0.00172,             0.00172
                 186,            0.016828,             0.00673,                   0,             0.80021,             0.81579,             0.86466,             0.42517,            0.040469,            0.024807,                   0,            0.001675,            0.001675,            0.001675
                 187,            0.016877,           0.0068227,                   0,             0.79144,             0.81579,             0.85352,             0.42998,            0.040075,            0.024166,                   0,             0.00163,             0.00163,             0.00163
                 188,             0.01659,           0.0066145,                   0,             0.84678,             0.81579,              0.9051,             0.43698,            0.039982,             0.02336,                   0,            0.001585,            0.001585,            0.001585
                 189,            0.017122,           0.0069856,                   0,             0.88125,             0.78135,              0.8605,             0.45081,            0.039825,             0.02352,                   0,             0.00154,             0.00154,             0.00154
                 190,            0.016714,           0.0067004,                   0,             0.84411,             0.81579,             0.84583,             0.44101,            0.039972,            0.023771,                   0,            0.001495,            0.001495,            0.001495
                 191,            0.016511,           0.0065997,                   0,             0.87172,             0.84211,             0.90226,             0.44752,            0.040347,            0.024342,                   0,             0.00145,             0.00145,             0.00145
                 192,            0.016621,           0.0065727,                   0,             0.86312,             0.84211,             0.87947,             0.44234,            0.040884,            0.025047,                   0,            0.001405,            0.001405,            0.001405
                 193,             0.01627,           0.0065431,                   0,             0.83774,             0.84211,             0.88028,             0.42886,            0.041076,            0.025021,                   0,             0.00136,             0.00136,             0.00136
                 194,            0.016624,           0.0066654,                   0,             0.81048,             0.81579,             0.83374,              0.4276,            0.041122,            0.025234,                   0,            0.001315,            0.001315,            0.001315
                 195,            0.016195,           0.0064943,                   0,             0.80644,             0.81579,             0.84435,             0.44386,            0.040979,            0.025277,                   0,             0.00127,             0.00127,             0.00127
                 196,            0.016154,           0.0066981,                   0,             0.81363,             0.81579,             0.85791,             0.44274,            0.040608,            0.025352,                   0,            0.001225,            0.001225,            0.001225
                 197,            0.015946,           0.0065694,                   0,             0.79286,             0.81579,             0.86307,             0.44039,            0.040407,            0.025528,                   0,             0.00118,             0.00118,             0.00118
                 198,            0.016075,           0.0064654,                   0,               0.823,             0.81579,             0.86118,             0.44433,            0.041366,            0.025731,                   0,            0.001135,            0.001135,            0.001135
                 199,            0.016276,           0.0064037,                   0,             0.79192,              0.8014,             0.85641,             0.43994,            0.040945,            0.026121,                   0,             0.00109,             0.00109,             0.00109
